Feature,importance
板温-现场温度,511
电压B/电压C,159
电压A/电压C,149
板温/风速,138
电流A*平均功率,122
板温/现场温度,116
功率A-风向,110
平均功率-风向,108
电压A/电压B,103
功率A*平均功率,86
风速*风向,82
现场温度/风速,77
电流C/功率A,74
电压B*电流A,74
Unnamed: 0/现场温度,74
Unnamed: 0*风速,70
现场温度*风速,68
功率A+平均功率,67
功率A-平均功率,67
板温*风向,67
光照强度+功率A,66
电流A*功率C,65
功率A+风向,63
电流A-风速,63
光照强度-功率A,62
风速/风向,62
电流A/功率B,61
电压B-功率A,61
板温+转换效率A,60
转换效率-转换效率B,59
光照强度*风速,59
光照强度+风向,57
电压C-平均功率,57
转换效率/转换效率A,57
转换效率/转换效率B,57
电压A-平均功率,56
光照强度-风向,56
板温*现场温度,55
功率C-风向,55
板温*风速,54
电压C*电流A,54
板温+转换效率B,53
现场温度/风向,52
电流A-电流B,52
转换效率A-转换效率B,52
光照强度*风向,51
功率A-功率B,50
转换效率-转换效率A,50
电流A/平均功率,50
电流B/风向,50
电流B/功率A,48
板温/风向,47
电压B/平均功率,47
电流B-电流C,46
光照强度/风向,46
功率B-平均功率,46
现场温度**2,46
功率A/风向,46
光照强度/风速,45
板温+转换效率C,45
电流B+风速,45
Unnamed: 0/风速,45
功率C-平均功率,44
电流C/平均功率,44
Unnamed: 0*风向,44
电流C+风速,43
电流A-电流C,43
电压B-平均功率,43
电压C-功率A,42
电流A/风向,42
ID*风向,42
现场温度*风向,42
电流A/功率C,42
电流A/电流B,42
Unnamed: 0*现场温度,41
电流A/电流C,41
电压A-风向,41
转换效率A/转换效率C,39
平均功率+风向,39
电流C/功率B,39
电流C-风速,38
现场温度+转换效率C,38
转换效率A-转换效率C,38
功率A-功率C,37
现场温度+转换效率B,37
Unnamed: 0/板温,37
电流B/电流C,37
现场温度-风速,36
转换效率C+风速,36
Unnamed: 0*转换效率C,35
板温+转换效率,34
功率B-风向,34
转换效率A/转换效率B,34
电流B/功率C,34
功率B/平均功率,33
现场温度+风速,33
Unnamed: 0/风向,33
电流B-风速,33
现场温度+转换效率,32
电流B/平均功率,32
转换效率C*风速,32
电流A*功率A,32
功率A*功率B,31
电流C/风向,31
光照强度+平均功率,31
ID*转换效率C,30
电流C*功率B,30
转换效率/转换效率C,30
Unnamed: 0*转换效率A,30
转换效率B/风向,29
功率C*风速,29
功率B/风向,29
电压A+风向,29
转换效率B*风速,29
电流A+风速,29
转换效率-转换效率C,29
光照强度/电流B,29
板温-风向,28
电压C/电流B,28
电压B/功率A,28
电压B+风向,28
电压C+风向,28
光照强度-平均功率,28
转换效率C/风向,28
电流C/风速,27
现场温度+风向,27
电流C*平均功率,27
光照强度+功率C,26
板温-风速,26
电压A-功率A,26
电压B/电流A,26
功率B+风向,26
转换效率A+风速,26
电流B*风速,25
电流B*功率A,25
转换效率B+风速,25
电压C/电流A,25
现场温度**1/2,24
现场温度+转换效率A,24
功率B-功率C,24
电流B/风速,24
转换效率A*风速,24
转换效率C/风速,24
电流C*功率A,24
转换效率B*风向,23
Unnamed: 0*转换效率,23
Unnamed: 0/ID,23
转换效率+风速,23
光照强度/电流C,23
板温+风向,23
转换效率C/电流A,23
电压C-风向,23
功率A*功率C,23
板温*转换效率B,23
功率A+功率C,23
功率C/风向,23
Unnamed: 0/光照强度,22
转换效率*风向,22
电流C*功率C,22
板温+风速,22
电压A/电流A,22
转换效率B/转换效率C,22
转换效率A-风速,21
转换效率/风速,21
现场温度*光照强度,21
现场温度-风向,21
转换效率A/风速,21
光照强度-功率B,21
板温**1/2,21
ID*转换效率,21
电流A*风向,21
ID*转换效率B,20
光照强度/电流A,20
转换效率A*风向,20
功率C+风向,20
转换效率C-风向,20
电流C*风速,20
转换效率/风向,20
转换效率A*电流A,20
转换效率*风速,20
转换效率C/功率A,19
Unnamed: 0+转换效率,19
电流A+电流B,19
平均功率*风速,19
电流A+风向,19
电流A/风速,18
光照强度-功率C,18
现场温度+电压B,18
电流B*功率C,18
ID*风速,18
功率B*风速,18
现场温度+电压C,18
电压B-风向,18
转换效率A/风向,18
电流A*风速,18
Unnamed: 0*平均功率,18
ID/现场温度,18
转换效率B-转换效率C,18
电压A/平均功率,18
ID*现场温度,18
平均功率/风速,18
转换效率C*风向,17
转换效率B-风向,17
电压C/平均功率,17
电压C*功率A,17
转换效率C-电压A,17
Unnamed: 0*转换效率B,17
电压B*风速,17
转换效率B-电压C,17
功率A/风速,17
Unnamed: 0*板温,17
转换效率-功率A,17
电流A*电流C,17
转换效率B-风速,17
板温/功率A,17
现场温度-平均功率,17
板温/光照强度,17
ID/光照强度,17
光照强度+电压A,16
功率A+功率B,16
板温/平均功率,16
电压A*风向,16
电流C*风向,16
电压A/风速,16
电压A*风速,16
转换效率A-电压C,16
电压C/电流C,16
电流A*功率B,16
电压A*电流B,16
转换效率-电压B,16
转换效率B-电压B,16
转换效率A/功率B,16
板温*转换效率C,16
板温*光照强度,16
电流B*平均功率,16
光照强度+功率B,15
ID*转换效率A,15
平均功率/风向,15
电流A*电流B,15
转换效率C+风向,15
电压A/风向,15
功率A/平均功率,15
ID/风向,15
转换效率+风向,15
转换效率-风向,15
光照强度*电流C,15
板温+电压B,15
电流C,15
Unnamed: 0*功率C,14
电压A-功率C,14
转换效率C/平均功率,14
功率A*风速,14
电压A/电流B,14
风向,14
电压B/风向,14
转换效率C-风速,14
功率B*功率C,14
转换效率A/电流C,14
功率A,14
现场温度-电压C,14
ID/风速,14
电压C/功率A,14
风速-风向,14
功率A*风向,14
电压B-电压C,14
转换效率-电压A,14
现场温度+电压A,13
功率B+功率C,13
转换效率C*电流C,13
光照强度*电压B,13
光照强度+电压B,13
转换效率C*功率C,13
板温-电流B,13
电流B*风向,13
ID/板温,13
电压B*风向,13
板温*转换效率A,13
功率B/风速,13
光照强度*功率C,13
光照强度/功率C,13
功率C/风速,13
平均功率*风向,13
板温+电压A,13
转换效率/功率B,13
板温+平均功率,13
板温**2,13
光照强度+电压C,13
转换效率A-风向,12
Unnamed: 0+风向,12
电流A,12
转换效率B/风速,12
电流B*电流C,12
转换效率+功率A,12
电压C-功率B,12
光照强度*电压C,12
光照强度+转换效率A,12
光照强度*电压A,12
光照强度*电流A,12
现场温度/转换效率,12
转换效率C-电压B,12
电压A-功率B,12
电压B/电流C,12
转换效率A-电压A,12
电压A+功率A,12
转换效率C-功率A,12
电压B-功率B,12
功率B*风向,12
转换效率B/电流A,11
光照强度*电流B,11
转换效率A/平均功率,11
转换效率A*电流C,11
转换效率B/电流C,11
转换效率/电流C,11
电压C*风速,11
电压A/功率B,11
电流A-功率A,11
电压C*功率C,11
板温*转换效率,11
板温-转换效率A,11
Unnamed: 0+平均功率,11
Unnamed: 0/功率C,11
电压B/功率C,11
电压B/电流B,11
现场温度-转换效率A,11
电压B*电流C,11
电压A-电压C,11
现场温度-电流C,11
Unnamed: 0+功率A,10
板温+电压C,10
Unnamed: 0/电流A,10
电流B+风向,10
转换效率C-电压C,10
电压B/风速,10
风速+风向,10
电流A+电流C,10
转换效率A-电压B,10
Unnamed: 0+功率C,10
电压B*平均功率,10
功率A-风速,10
Unnamed: 0/电流C,10
Unnamed: 0*功率A,10
光照强度/平均功率,10
Unnamed: 0-功率A,10
电流B+电流C,10
现场温度+功率A,10
电压C/功率B,10
现场温度/电流A,10
ID*电流B,10
电压A/电流C,10
功率C*风向,10
转换效率C/功率B,10
转换效率-电压C,10
转换效率B/功率C,10
转换效率*电流A,10
功率B,10
功率B*平均功率,10
ID*功率C,10
电压A/功率C,10
Unnamed: 0+功率B,10
转换效率B*功率B,9
转换效率-风速,9
板温/电流A,9
转换效率+电压A,9
电压C/风速,9
Unnamed: 0-功率C,9
现场温度-功率A,9
板温-电压A,9
现场温度-电流B,9
电压B-功率C,9
Unnamed: 0/转换效率C,9
转换效率A/功率C,9
电流B,9
电压A*功率A,9
现场温度+电流A,9
转换效率C+电流C,9
转换效率C-电流B,9
电压A*功率B,9
平均功率,9
光照强度-电压B,9
现场温度-电压A,9
风速,9
Unnamed: 0-现场温度,9
转换效率B+平均功率,9
光照强度/转换效率B,9
转换效率A+风向,9
电压B*功率A,9
光照强度*功率A,9
现场温度*转换效率B,9
光照强度/转换效率A,9
转换效率A*功率A,9
转换效率B-功率A,8
转换效率A*功率C,8
Unnamed: 0*电流B,8
转换效率A-功率A,8
Unnamed: 0-风向,8
转换效率B+功率A,8
转换效率A/电流B,8
转换效率A*电压A,8
功率C/平均功率,8
转换效率B/功率A,8
转换效率A*电流B,8
ID*电压A,8
Unnamed: 0/电流B,8
现场温度-功率C,8
转换效率B-平均功率,8
板温-转换效率C,8
光照强度/转换效率,8
现场温度/功率A,8
光照强度*转换效率A,8
光照强度*转换效率B,8
现场温度*电流A,8
现场温度*转换效率C,8
转换效率C/电流B,8
现场温度/转换效率C,8
电压A+风速,8
现场温度*转换效率,8
板温+功率A,8
板温*电流B,8
光照强度*平均功率,8
电压B+风速,8
电压B+功率B,8
转换效率A+功率A,8
ID+功率A,8
板温/转换效率A,8
ID+平均功率,8
电压A-电压B,7
板温*功率C,7
ID+功率B,7
Unnamed: 0*电流A,7
转换效率C*电流A,7
转换效率A/电压A,7
电压A*平均功率,7
功率A/功率B,7
功率B/功率C,7
现场温度+功率B,7
Unnamed: 0*电流C,7
转换效率/电压A,7
转换效率/电流B,7
转换效率C+功率A,7
转换效率A+电流A,7
转换效率C-平均功率,7
功率A/功率C,7
ID*电压B,7
板温/电流B,7
转换效率B*转换效率C,7
光照强度*功率B,7
转换效率B*电流B,7
Unnamed: 0/功率A,7
电流B*功率B,7
Unnamed: 0/功率B,7
转换效率/功率C,7
板温/电压B,7
转换效率B-电压A,7
转换效率B*电流C,7
电流A-风向,6
转换效率C+电压A,6
功率C*平均功率,6
转换效率B-功率B,6
电压C/风向,6
转换效率B-电流A,6
电压A/功率A,6
转换效率A+平均功率,6
转换效率B+电压B,6
电压A+功率B,6
电压C+风速,6
电压B+平均功率,6
电流C+风向,6
转换效率C-电流A,6
功率C+平均功率,6
电压C*风向,6
电流B+功率A,6
电压B*功率B,6
转换效率B+风向,6
转换效率A+电压A,6
功率B+平均功率,6
转换效率/功率A,6
板温-功率A,6
现场温度/光照强度,6
现场温度*转换效率A,6
转换效率A,6
现场温度/转换效率B,6
现场温度/电压B,6
现场温度*电流C,6
现场温度*功率A,6
Unnamed: 0/电压A,6
现场温度+平均功率,6
板温-电流A,6
光照强度*转换效率,6
光照强度+转换效率B,6
Unnamed: 0/转换效率B,6
转换效率*电流C,6
光照强度/转换效率C,6
电压B,6
Unnamed: 0/转换效率A,6
Unnamed: 0/转换效率,6
转换效率+电压B,6
板温/电流C,6
转换效率/电压C,6
板温-电压B,6
板温/转换效率C,6
ID*平均功率,6
ID+功率C,6
ID/功率C,6
Unnamed: 0-平均功率,6
板温-转换效率B,6
转换效率A-电流B,6
ID*板温,6
ID/电流A,5
光照强度*转换效率C,5
现场温度*功率B,5
ID*电流C,5
转换效率C/电压C,5
Unnamed: 0/平均功率,5
ID*功率A,5
Unnamed: 0*光照强度,5
光照强度/功率A,5
ID-功率C,5
现场温度*平均功率,5
板温+现场温度,5
电压A*电压C,5
现场温度/功率B,5
板温/转换效率,5
Unnamed: 0*电压C,5
板温/功率B,5
Unnamed: 0-电压B,5
板温/功率C,5
电压B-风速,5
电压A-风速,5
转换效率+电压C,5
电压A*功率C,5
电压B+功率A,5
电压C*电流B,5
现场温度/电流B,5
电压A*电流C,5
现场温度+电流B,5
现场温度/电流C,5
电流C+功率A,5
Unnamed: 0*功率B,5
现场温度/转换效率A,5
ID+转换效率B,5
转换效率B/平均功率,5
转换效率C,5
转换效率+平均功率,5
转换效率A-电流A,5
转换效率B/电流B,5
转换效率B*电压A,5
转换效率B+电压C,5
转换效率A+功率C,5
转换效率A*电压B,5
转换效率A-平均功率,5
转换效率B,4
电压B/功率B,4
板温+功率B,4
板温+功率C,4
电流C-功率B,4
板温*平均功率,4
现场温度-电流A,4
现场温度-转换效率B,4
转换效率B*电压C,4
板温*电流C,4
转换效率*功率C,4
电压A+电流B,4
转换效率B+电流A,4
转换效率*功率B,4
转换效率B+电流B,4
电压A*电压B,4
板温-电流C,4
板温*电流A,4
转换效率-平均功率,4
转换效率A-功率C,4
ID/转换效率C,4
ID*电压C,4
ID*电流A,4
电压C-风速,4
Unnamed: 0-功率B,4
电压C*平均功率,4
转换效率A/电流A,4
电压C-功率C,4
电压C+功率C,4
转换效率A+电压C,4
板温+电流A,4
ID+风向,4
转换效率A/电压C,4
电流B-风向,4
板温-转换效率,4
板温/转换效率B,4
转换效率A/电压B,4
现场温度,4
Unnamed: 0/电压C,4
转换效率*功率A,4
现场温度*功率C,4
转换效率B+电压A,4
转换效率C*电流B,4
光照强度+转换效率C,4
转换效率C-电流C,4
转换效率-电流A,4
光照强度-电压A,4
光照强度/电压B,4
转换效率B-电流C,4
转换效率C+电流A,4
转换效率+电流A,4
Unnamed: 0-光照强度,4
Unnamed: 0+光照强度,4
转换效率C*电压C,4
转换效率/电流A,4
电压C,4
转换效率C*电压B,4
转换效率C/电压A,4
转换效率*电压B,4
电流C-风向,4
Unnamed: 0*电压A,4
光照强度+转换效率,4
光照强度-转换效率,4
转换效率C+平均功率,4
转换效率-电流C,4
转换效率A+转换效率B,3
转换效率C+电压B,3
板温-光照强度,3
转换效率C+电压C,3
板温/电压A,3
转换效率C-功率C,3
板温-电压C,3
光照强度-电压C,3
板温+电流B,3
电压B*功率C,3
板温+电流C,3
转换效率+功率B,3
转换效率C/电流C,3
光照强度,3
板温*功率B,3
转换效率A*电压C,3
ID-平均功率,3
电压B+电流B,3
电压C+功率A,3
ID/转换效率,3
ID*光照强度,3
电流B-功率A,3
转换效率A+电流C,3
转换效率A*功率B,3
板温,3
转换效率+转换效率C,3
功率C,3
转换效率*转换效率B,3
ID-功率B,3
现场温度+功率C,3
光照强度/功率B,3
电压C/功率C,3
功率A+风速,3
电压C+功率B,3
电压C*功率B,3
转换效率C/电压B,3
电压B-电流B,3
转换效率B+电流C,3
转换效率A-电流C,3
转换效率-功率B,3
现场温度+光照强度,3
现场温度-光照强度,3
现场温度-转换效率,3
转换效率B/电压B,3
Unnamed: 0/电压B,3
电压A+电流C,3
功率B+风速,3
现场温度/电压A,3
转换效率*电流B,3
转换效率B/电压C,2
ID/功率B,2
转换效率C*电压A,2
现场温度-电压B,2
光照强度-风速,2
转换效率*转换效率A,2
电流A-平均功率,2
电压C+平均功率,2
现场温度/电压C,2
现场温度*电压C,2
转换效率C+功率B,2
ID-功率A,2
转换效率/电压B,2
现场温度/平均功率,2
ID+转换效率,2
ID/电压A,2
ID+电压A,2
ID-光照强度,2
Unnamed: 0+转换效率B,2
电流A+功率A,2
转换效率A+电流B,2
电流B-平均功率,2
转换效率*电压A,2
ID/电流B,2
ID/电流C,2
Unnamed: 0-电压A,2
现场温度*电流B,2
转换效率A-功率B,2
电压A,2
转换效率-电流B,2
现场温度-转换效率C,2
电压A+平均功率,2
Unnamed: 0-转换效率,2
ID-风向,2
电压A-电流A,2
电压B+功率C,2
板温-功率C,2
电压A+电压C,2
转换效率C+电流B,2
电压A+电流A,2
转换效率B/电压A,2
板温*功率A,2
现场温度+电流C,2
转换效率B+转换效率C,2
电压B-电流A,2
电压B-电流C,2
电压B+电流C,2
板温-功率B,2
Unnamed: 0*电压B,2
转换效率A*转换效率B,2
转换效率C+功率C,2
光照强度-转换效率A,2
转换效率B*电压B,2
Unnamed: 0+转换效率C,2
现场温度-功率B,2
转换效率A+电压B,2
电压C-电流A,2
板温-平均功率,2
转换效率B*电流A,2
转换效率B-功率C,2
平均功率-风速,2
板温*电压A,2
转换效率A+转换效率C,2
Unnamed: 0+电压A,1
电流B-功率C,1
ID/转换效率B,1
ID-转换效率,1
电流B+平均功率,1
电流C+功率C,1
电流B-功率B,1
Unnamed: 0-转换效率B,1
电流B+功率B,1
Unnamed: 0-转换效率A,1
转换效率,1
Unnamed: 0+转换效率A,1
电流B/功率B,1
电压B*电流B,1
电流A+平均功率,1
光照强度/电压A,1
转换效率C*功率A,1
转换效率C*功率B,1
转换效率C-功率B,1
转换效率C/功率C,1
光照强度-转换效率B,1
现场温度/功率C,1
电压A+电压B,1
电压A*电流A,1
电压A-电流B,1
现场温度*电压B,1
现场温度*电压A,1
功率C+风速,1
电压B*电压C,1
电压B+电流A,1
板温/电压C,1
光照强度-转换效率C,1
光照强度+电流A,1
电压C+电流B,1
光照强度-电流A,1
转换效率A+功率B,1
转换效率A*转换效率C,1
转换效率*平均功率,1
转换效率/平均功率,1
转换效率-功率C,1
转换效率+功率C,1
转换效率B-电流B,1
转换效率+电流C,1
转换效率+电流B,1
转换效率B*功率C,1
转换效率B+功率C,1
转换效率*转换效率C,1
光照强度+电流C,1
光照强度-电流B,1
光照强度+电流B,1
板温*电压B,1
电压B+电压C,1
ID/电压C,1
电流A+功率C,1
ID+电压C,1
ID/功率A,1
ID/平均功率,1
板温+光照强度,1
电流A-功率B,1
ID/电压B,1
ID+电压B,1
电压C-电流B,1
转换效率**1/2,0
电压B**2,0
功率C**2,0
功率C**1/2,0
平均功率**2,0
平均功率**1/2,0
风速**2,0
风速**1/2,0
转换效率C**2,0
电压A**1/2,0
电压A**2,0
转换效率A**2,0
电压B**1/2,0
转换效率B**2,0
转换效率C**1/2,0
转换效率**2,0
转换效率B**1/2,0
风向**2,0
功率A**1/2,0
光照强度**1/2,0
电流A**2,0
电流C**1/2,0
电流C**2,0
功率B**2,0
转换效率A**1/2,0
功率B-风速,0
电流B**1/2,0
电流B**2,0
电流A**1/2,0
功率C-风速,0
功率A**2,0
Unnamed: 0**2,0
功率B**1/2,0
Unnamed: 0**1/2,0
ID**2,0
ID**1/2,0
电压C**1/2,0
电压C**2,0
光照强度**2,0
平均功率+风速,0
Unnamed: 0,0
电流C-平均功率,0
Unnamed: 0+风速,0
ID+板温,0
ID-板温,0
ID+现场温度,0
ID-现场温度,0
ID+光照强度,0
ID/转换效率A,0
ID+转换效率A,0
ID-转换效率A,0
ID-转换效率B,0
ID+转换效率C,0
ID-转换效率C,0
ID-电压A,0
ID-电压B,0
ID-电压C,0
ID+电流A,0
Unnamed: 0-风速,0
Unnamed: 0-电流C,0
电流C+平均功率,0
Unnamed: 0+电流C,0
ID,0
Unnamed: 0*ID,0
Unnamed: 0+ID,0
Unnamed: 0-ID,0
Unnamed: 0+板温,0
Unnamed: 0-板温,0
Unnamed: 0+现场温度,0
Unnamed: 0-转换效率C,0
Unnamed: 0+电压B,0
Unnamed: 0+电压C,0
Unnamed: 0-电压C,0
Unnamed: 0+电流A,0
Unnamed: 0-电流A,0
Unnamed: 0+电流B,0
Unnamed: 0-电流B,0
ID-电流A,0
ID+电流B,0
ID-电流B,0
ID+电流C,0
转换效率C*平均功率,0
电压A-电流C,0
电压A+功率C,0
电压C+电流A,0
电压C*电流C,0
电压C+电流C,0
电压C-电流C,0
电流A/功率A,0
电流A+功率B,0
电流A-功率C,0
电流B+功率C,0
电流C-功率A,0
电流C+功率B,0
电流C/功率C,0
电流C-功率C,0
转换效率B*平均功率,0
转换效率B+功率B,0
转换效率B/功率B,0
光照强度-电流C,0
ID-电流C,0
ID*功率B,0
ID+风速,0
ID-风速,0
板温*电压C,0
光照强度/电压C,0
光照强度+风速,0
转换效率B*功率A,0
转换效率+转换效率A,0
转换效率+转换效率B,0
转换效率*电压C,0
Unnamed: 0.1,0
转换效率A/功率A,0
转换效率A*平均功率,0
风向**1/2,0
